<?xml version="1.0" encoding="UTF-8"?>
<metadata>
  <groupId>io.grpc</groupId>
  <artifactId>grpc-api</artifactId>
  <versioning>
    <latest>1.65.1</latest>
    <release>1.65.1</release>
    <versions>
      <version>1.21.0</version>
      <version>1.21.1</version>
      <version>1.22.0</version>
      <version>1.22.1</version>
      <version>1.22.2</version>
      <version>1.22.3</version>
      <version>1.23.0</version>
      <version>1.23.1</version>
      <version>1.24.0</version>
      <version>1.24.1</version>
      <version>1.24.2</version>
      <version>1.25.0</version>
      <version>1.26.0</version>
      <version>1.26.1</version>
      <version>1.27.0</version>
      <version>1.27.1</version>
      <version>1.27.2</version>
      <version>1.28.0</version>
      <version>1.28.1</version>
      <version>1.29.0</version>
      <version>1.30.0</version>
      <version>1.30.1</version>
      <version>1.30.2</version>
      <version>1.31.0</version>
      <version>1.31.1</version>
      <version>1.31.2</version>
      <version>1.32.1</version>
      <version>1.32.2</version>
      <version>1.32.3</version>
      <version>1.33.0</version>
      <version>1.33.1</version>
      <version>1.34.0</version>
      <version>1.34.1</version>
      <version>1.35.0</version>
      <version>1.35.1</version>
      <version>1.36.0</version>
      <version>1.36.1</version>
      <version>1.36.2</version>
      <version>1.36.3</version>
      <version>1.37.0</version>
      <version>1.37.1</version>
      <version>1.38.0</version>
      <version>1.38.1</version>
      <version>1.39.0</version>
      <version>1.40.0</version>
      <version>1.40.1</version>
      <version>1.40.2</version>
      <version>1.41.0</version>
      <version>1.41.1</version>
      <version>1.41.2</version>
      <version>1.41.3</version>
      <version>1.42.0</version>
      <version>1.42.1</version>
      <version>1.42.2</version>
      <version>1.42.3</version>
      <version>1.43.0</version>
      <version>1.43.1</version>
      <version>1.43.2</version>
      <version>1.43.3</version>
      <version>1.44.0</version>
      <version>1.44.1</version>
      <version>1.44.2</version>
      <version>1.45.0</version>
      <version>1.45.1</version>
      <version>1.45.2</version>
      <version>1.45.3</version>
      <version>1.45.4</version>
      <version>1.46.0</version>
      <version>1.46.1</version>
      <version>1.47.0</version>
      <version>1.47.1</version>
      <version>1.48.0</version>
      <version>1.48.1</version>
      <version>1.48.2</version>
      <version>1.49.0</version>
      <version>1.49.1</version>
      <version>1.49.2</version>
      <version>1.50.0</version>
      <version>1.50.1</version>
      <version>1.50.2</version>
      <version>1.50.3</version>
      <version>1.51.0</version>
      <version>1.51.1</version>
      <version>1.51.3</version>
      <version>1.52.0</version>
      <version>1.52.1</version>
      <version>1.53.0</version>
      <version>1.54.0</version>
      <version>1.54.1</version>
      <version>1.54.2</version>
      <version>1.55.1</version>
      <version>1.55.3</version>
      <version>1.56.0</version>
      <version>1.56.1</version>
      <version>1.57.0</version>
      <version>1.57.1</version>
      <version>1.57.2</version>
      <version>1.58.0</version>
      <version>1.58.1</version>
      <version>1.59.0</version>
      <version>1.59.1</version>
      <version>1.60.0</version>
      <version>1.60.1</version>
      <version>1.60.2</version>
      <version>1.61.0</version>
      <version>1.61.1</version>
      <version>1.62.2</version>
      <version>1.63.0</version>
      <version>1.63.1</version>
      <version>1.63.2</version>
      <version>1.64.0</version>
      <version>1.64.1</version>
      <version>1.64.2</version>
      <version>1.65.0</version>
      <version>1.65.1</version>
    </versions>
    <lastUpdated>20240712184149</lastUpdated>
  </versioning>
</metadata>
